transaction_id,is_fraud,fraud_probability
txn_0002739,0,0.11193465441465378
txn_0006927,0,0.043783288449048996
txn_0004276,0,0.011526476591825485
txn_0002134,0,0.34252509474754333
txn_0003638,0,0.0026156986132264137
txn_0000541,0,0.1582576185464859
txn_0001002,0,0.0009099854505620897
txn_0004000,0,0.0038746471982449293
txn_0006302,0,0.012152000330388546
txn_0001202,0,0.012046808376908302
txn_0007009,0,0.050386570394039154
txn_0000048,0,0.002771554747596383
txn_0004212,0,0.0070621296763420105
txn_0001996,0,0.007738895248621702
txn_0000356,0,0.003791626775637269
txn_0006796,0,0.28556060791015625
txn_0002656,0,0.24631956219673157
txn_0001627,0,0.0015992755070328712
txn_0001923,0,0.013938706368207932
txn_0002050,0,0.0031836607959121466
txn_0004355,0,0.03476188704371452
txn_0001404,0,0.0030235787853598595
txn_0006687,0,0.009406136348843575
txn_0001904,0,0.04609217122197151
txn_0002110,0,0.008584531955420971
txn_0007514,0,0.08461974561214447
txn_0007951,0,0.04756465554237366
txn_0000029,0,0.032709140330553055
txn_0003655,0,0.06433403491973877
txn_0005486,0,0.04577566683292389
txn_0007901,0,0.22664982080459595
txn_0001152,0,0.12640829384326935
txn_0002607,0,0.02810993418097496
txn_0002193,0,0.3194778263568878
txn_0000964,0,0.005329790525138378
txn_0001974,0,0.00829945970326662
txn_0002774,0,0.0038845264352858067
txn_0001768,0,0.1283206343650818
txn_0002665,0,0.00886788871139288
txn_0003326,0,0.2902992367744446
txn_0001214,0,0.020459488034248352
txn_0007751,0,0.008716285228729248
txn_0005099,0,0.006401928141713142
txn_0002810,0,0.0013719251146540046
txn_0001837,0,0.0015756299253553152
txn_0004251,0,0.007753761485219002
txn_0006107,0,0.020614268258213997
txn_0000750,0,0.017736099660396576
txn_0004342,0,0.10738831013441086
txn_0002026,0,0.005000521428883076
txn_0004621,0,0.10473721474409103
txn_0006956,0,0.05247792601585388
txn_0005333,0,0.004119474440813065
txn_0007865,0,0.012357044965028763
txn_0001737,0,0.003307002130895853
txn_0003868,0,0.09297418594360352
txn_0000664,0,0.15020312368869781
txn_0004939,0,0.011756577529013157
txn_0002687,0,0.009081569500267506
txn_0003631,0,0.019408395513892174
txn_0004892,0,0.04340941086411476
txn_0005954,0,0.04417257010936737
txn_0002363,0,0.05626336857676506
txn_0005725,0,0.006606896407902241
txn_0003112,0,0.007597649935632944
txn_0001969,0,0.003505571512505412
txn_0003896,0,0.006263467948883772
txn_0000720,0,0.012619933113455772
txn_0003253,0,0.0013003108324483037
txn_0003222,0,0.0026511510368436575
txn_0000297,0,0.07297788560390472
txn_0002237,0,0.0023048827424645424
txn_0005055,0,0.03203338012099266
txn_0002241,0,0.13296447694301605
txn_0005892,0,0.07006838917732239
txn_0004580,0,0.004146145191043615
txn_0005023,0,0.010760745033621788
txn_0007013,0,0.0717565268278122
txn_0005377,0,0.031449951231479645
txn_0007628,0,0.0040989890694618225
txn_0004409,0,0.001335912849754095
txn_0004990,0,0.013799120672047138
txn_0000885,0,0.0018651720602065325
txn_0000787,0,0.008836961351335049
txn_0004819,0,0.026012439280748367
txn_0003230,0,0.5704979300498962
txn_0005385,0,0.007670893333852291
txn_0000237,0,0.1764144003391266
txn_0004091,0,0.006638571619987488
txn_0002320,0,0.04395494610071182
txn_0007961,0,0.0013282594736665487
txn_0007151,0,0.010401651263237
txn_0000212,0,0.7398868799209595
txn_0003148,0,0.032140620052814484
txn_0004530,0,0.001635263441130519
txn_0003441,0,0.07438302040100098
txn_0000803,0,0.08399072289466858
txn_0000918,0,0.0012478710850700736
txn_0006739,0,0.05615158751606941
txn_0000893,0,0.019318098202347755
txn_0007701,0,0.006274708546698093
txn_0007246,0,0.019476380199193954
txn_0006670,0,0.0064102294854819775
txn_0006295,0,0.000988126965239644
txn_0002628,0,0.041797153651714325
txn_0002732,0,0.07930438220500946
txn_0003833,0,0.0016054116422310472
txn_0007254,0,0.8066545724868774
txn_0007137,0,0.029201803728938103
txn_0003586,0,0.043562933802604675
txn_0005776,0,0.01888233795762062
txn_0001365,0,0.09532084316015244
txn_0003167,0,0.005504377651959658
txn_0000746,0,0.026426879689097404
txn_0000040,0,0.018812496215105057
txn_0006289,0,0.004535675048828125
txn_0001301,0,0.0018982242327183485
txn_0004735,0,0.13419832289218903
txn_0002324,0,0.02355610765516758
txn_0003189,0,0.0030345527920871973
txn_0003794,0,0.8127259612083435
txn_0006285,0,0.01523269060999155
txn_0005670,0,0.030731428414583206
txn_0003394,0,0.01826081983745098
txn_0003034,0,0.002043739892542362
txn_0006871,0,0.43579643964767456
txn_0001535,0,0.055330514907836914
txn_0006962,0,0.10001695156097412
txn_0002188,0,0.0018113572150468826
txn_0003902,0,0.005035406444221735
txn_0003537,0,0.13410918414592743
txn_0000410,0,0.0008445816347375512
txn_0007048,0,0.03857102990150452
txn_0006595,0,0.001182263600639999
txn_0003019,0,0.013591856695711613
txn_0001375,0,0.07967185974121094
txn_0004101,0,0.00643586739897728
txn_0005224,0,0.3472473919391632
txn_0002659,0,0.008785002864897251
txn_0002424,0,0.0012910166988149285
txn_0003149,0,0.005882933735847473
txn_0002196,0,0.002139636082574725
txn_0004622,0,0.043628763407468796
txn_0004184,0,0.008278822526335716
txn_0003001,0,0.015426565892994404
txn_0000894,0,0.012427354231476784
txn_0004249,0,0.011431916616857052
txn_0002095,0,0.046977490186691284
txn_0001583,0,0.0013889279216527939
txn_0006089,0,0.5206077694892883
txn_0000161,0,0.010811571963131428
txn_0002934,0,0.09510058164596558
txn_0005116,0,0.030697045847773552
txn_0000546,0,0.015102962963283062
txn_0004293,0,0.28362613916397095
txn_0001369,0,0.1205311045050621
txn_0000871,0,0.03552329167723656
txn_0003395,0,0.06281930953264236
txn_0003855,0,0.009475472383201122
txn_0005225,0,0.07932600378990173
txn_0004489,0,0.0035660129506140947
txn_0004636,0,0.002524623414501548
txn_0002637,0,0.056305840611457825
txn_0002562,0,0.015827465802431107
txn_0006711,0,0.12295243889093399
txn_0002242,0,0.0011921103578060865
txn_0003017,0,0.03946983441710472
txn_0003509,0,0.4996623992919922
txn_0002208,0,0.06319079548120499
txn_0003888,0,0.011007220484316349
txn_0006610,0,0.040013689547777176
txn_0002371,0,0.0031126062385737896
txn_0003348,0,0.005897346884012222
txn_0003415,0,0.09659621864557266
txn_0003078,0,0.009294026531279087
txn_0002474,0,0.06014939770102501
txn_0007316,0,0.01843711920082569
txn_0005955,0,0.004454397596418858
txn_0002875,0,0.011779758147895336
txn_0006047,0,0.007882443256676197
txn_0006365,0,0.007957619614899158
txn_0000133,0,0.004893005825579166
txn_0004385,0,0.1362789273262024
txn_0002061,0,0.02657586894929409
txn_0006946,0,0.0023216467816382647
txn_0007177,0,0.025712035596370697
txn_0001614,0,0.22614829242229462
txn_0005980,0,0.018768178299069405
txn_0003958,0,0.08118227124214172
txn_0001751,0,0.0035295747220516205
txn_0007861,0,0.05554523691534996
txn_0003608,0,0.01976051926612854
txn_0006976,0,0.008788807317614555
txn_0002132,0,0.35007840394973755
txn_0000842,0,0.06082689017057419
txn_0000110,0,0.01637396216392517
txn_0004768,0,0.05618438869714737
txn_0006565,0,0.00853701401501894
txn_0006100,0,0.002459360286593437
txn_0007968,0,0.02689911425113678
txn_0006955,0,0.0028834736440330744
txn_0004090,0,0.004633736796677113
txn_0002294,0,0.031258419156074524
txn_0002888,0,0.011206310242414474
txn_0005982,0,0.005984404589980841
txn_0005426,0,0.25729936361312866
txn_0006553,0,0.014701603911817074
txn_0005501,0,0.1087578535079956
txn_0001296,0,0.17985863983631134
txn_0002009,0,0.021406888961791992
txn_0003559,0,0.033274974673986435
txn_0002956,0,0.003593774978071451
txn_0004652,0,0.060817137360572815
txn_0001333,0,0.025138581171631813
txn_0003503,0,0.02742287702858448
txn_0006527,0,0.02670223079621792
txn_0005059,0,0.28317582607269287
txn_0004558,0,0.008651535958051682
txn_0006943,0,0.00556414108723402
txn_0000796,0,0.03201431781053543
txn_0007726,0,0.001138268387876451
txn_0003926,1,0.07816968858242035
txn_0001868,0,0.0023968617897480726
txn_0002996,0,0.0038566894363611937
txn_0006184,0,0.07321937382221222
txn_0004039,0,0.014554476365447044
txn_0002835,0,0.007840651087462902
txn_0006988,0,0.013676072470843792
txn_0006858,0,0.12697559595108032
txn_0006193,0,0.00714543042704463
txn_0007877,0,0.12936653196811676
txn_0006284,0,0.18995697796344757
txn_0000586,0,0.0011369680287316442
txn_0005744,0,0.046658970415592194
txn_0004595,0,0.0012680974323302507
txn_0001065,0,0.11432486772537231
txn_0000418,0,0.0008955243974924088
txn_0006615,0,0.01592157408595085
txn_0003440,0,0.20408578217029572
txn_0006430,0,0.0043203989043831825
txn_0000618,0,0.0007824897184036672
txn_0000571,0,0.013902673497796059
txn_0006349,0,0.0032398707699030638
txn_0001461,0,0.037072718143463135
txn_0000440,0,0.032105952501297
txn_0003654,0,0.020979655906558037
txn_0003356,0,0.03791896253824234
txn_0001527,0,0.002234203042462468
txn_0007883,0,0.03109554946422577
txn_0004182,0,0.023021744564175606
txn_0001708,0,0.03282666578888893
txn_0002148,0,0.006662704981863499
txn_0007973,0,0.011986308731138706
txn_0002950,0,0.16424113512039185
txn_0002071,0,0.2970726788043976
txn_0006207,0,0.023215921595692635
txn_0002138,0,0.008942116051912308
txn_0002508,0,0.06772921979427338
txn_0006034,0,0.1066647544503212
txn_0002272,0,0.0315418615937233
txn_0004062,0,0.06139378994703293
txn_0007840,0,0.03666003420948982
txn_0006874,0,0.04514184221625328
txn_0006378,0,0.02432497963309288
txn_0004281,0,0.008000163361430168
txn_0005749,0,0.2190106213092804
txn_0004107,0,0.00413633044809103
txn_0004909,0,0.004651057533919811
txn_0003369,0,0.04753196984529495
txn_0003347,0,0.576362669467926
txn_0007654,0,0.009090378880500793
txn_0005923,0,0.01821715012192726
txn_0006126,0,0.004920709878206253
txn_0007114,0,0.02357747219502926
txn_0000692,0,0.04896426573395729
txn_0002060,0,0.04045216366648674
txn_0000413,0,0.4694310426712036
txn_0001383,0,0.010132616385817528
txn_0003414,0,0.021449588239192963
txn_0002846,0,0.014511282555758953
txn_0003053,0,0.4030700922012329
txn_0005695,0,0.22467507421970367
txn_0004423,0,0.02708868682384491
txn_0003314,0,0.006807634141296148
txn_0004299,0,0.010296903550624847
txn_0001474,1,0.7231107950210571
txn_0005294,0,0.0054495977237820625
txn_0003953,0,0.09608840197324753
txn_0005604,0,0.2864181697368622
txn_0006045,0,0.0040551102720201015
txn_0001894,0,0.0036911622155457735
txn_0006064,0,0.03786741942167282
txn_0002633,0,0.00849443580955267
txn_0002538,0,0.02115490287542343
txn_0003988,0,0.018399830907583237
txn_0003873,0,0.06127512827515602
txn_0005588,0,0.01948409527540207
txn_0006113,0,0.0014627192867919803
txn_0004953,0,0.011654180474579334
txn_0005475,0,0.09888529777526855
txn_0006516,0,0.2693943977355957
txn_0003594,0,0.0032419224735349417
txn_0000866,0,0.007904894649982452
txn_0000009,0,0.003912867978215218
txn_0004600,1,0.010321194306015968
txn_0006385,0,0.044186241924762726
txn_0005816,0,0.13521453738212585
txn_0000397,0,0.0013653738424181938
txn_0000134,0,0.006040200591087341
txn_0003705,0,0.14805375039577484
txn_0001382,0,0.03708818554878235
txn_0000406,0,0.0047662025317549706
txn_0005094,0,0.0219805296510458
txn_0001668,0,0.16332533955574036
txn_0005572,0,0.2721388041973114
txn_0000348,0,0.12782223522663116
txn_0003690,0,0.005670478101819754
txn_0006240,0,0.022890489548444748
txn_0003135,0,0.013562978245317936
txn_0002222,0,0.00313550210557878
txn_0007438,0,0.0032380770426243544
txn_0006498,0,0.0003569638356566429
txn_0007215,0,0.013110111467540264
txn_0004329,0,0.018099751323461533
txn_0004279,0,0.3524705171585083
txn_0001009,0,0.23782731592655182
txn_0005769,0,0.018010402098298073
txn_0001893,0,0.004997746553272009
txn_0000607,0,0.0823923647403717
txn_0003236,0,0.0062578399665653706
txn_0006582,0,0.013095621950924397
txn_0006500,0,0.041060689836740494
txn_0006228,0,0.04993520677089691
txn_0005611,0,0.0032462398521602154
txn_0007937,0,0.002302351174876094
txn_0004259,0,0.003999571315944195
txn_0004767,0,0.0802471935749054
txn_0001297,0,0.012891054153442383
txn_0004572,0,0.013117560185492039
txn_0004720,0,0.006206493359059095
txn_0002216,0,0.06630991399288177
txn_0007148,0,0.014435209333896637
txn_0003052,1,0.03803347051143646
txn_0005920,0,0.0042073410004377365
txn_0002275,0,0.06267095357179642
txn_0003899,0,0.24208854138851166
txn_0003765,0,0.05292259901762009
txn_0003083,0,0.02792546898126602
txn_0001126,0,0.019411273300647736
txn_0004163,0,0.0037051031831651926
txn_0002812,0,0.0058663031086325645
txn_0005101,0,0.017380371689796448
txn_0003259,0,0.01418637577444315
txn_0006979,0,0.08984135836362839
txn_0004815,0,0.01408442948013544
txn_0007496,0,0.06663858890533447
txn_0006198,0,0.02464618720114231
txn_0002832,0,0.32441455125808716
txn_0004412,0,0.08385708183050156
txn_0003229,0,0.013584570959210396
txn_0007732,0,0.003514155512675643
txn_0001351,0,0.15163129568099976
txn_0003729,0,0.005273869261145592
txn_0001194,0,0.022197643294930458
txn_0006845,0,0.022948715835809708
txn_0007556,0,0.2547944486141205
txn_0003845,0,0.4023418128490448
txn_0000435,0,0.0074607003480196
txn_0006906,0,0.013689645566046238
txn_0004644,0,0.006183430086821318
txn_0000589,0,0.0005037960945628583
txn_0005476,0,0.006731544155627489
txn_0004846,0,0.00139988015871495
txn_0007740,0,0.5754659175872803
txn_0004546,0,0.018891530111432076
txn_0005520,0,0.02181790955364704
txn_0002480,0,0.0023700781166553497
txn_0000702,0,0.004680902697145939
txn_0000247,0,0.043341632932424545
txn_0002916,0,0.08956257998943329
txn_0000724,0,0.09890860319137573
txn_0007426,1,0.9134902954101562
txn_0003938,0,0.0005850002635270357
txn_0003039,0,0.04109794646501541
txn_0005919,0,0.029807286337018013
txn_0005633,0,0.0033296309411525726
txn_0003461,0,0.03417489677667618
txn_0005631,0,0.0029465914703905582
txn_0006470,0,0.03936769813299179
txn_0005296,0,0.004308207426220179
txn_0005618,0,0.12392619997262955
txn_0000601,0,0.31170129776000977
txn_0002142,0,0.04414763301610947
txn_0003538,0,0.005340418312698603
txn_0006780,0,0.24502810835838318
txn_0004206,0,0.20220689475536346
txn_0000120,0,0.005669144913554192
txn_0001331,0,0.04367901757359505
txn_0000231,1,0.0355539433658123
txn_0002899,0,0.04319557920098305
txn_0000771,0,0.01077109482139349
txn_0002354,0,0.0010383866028860211
txn_0006405,0,0.00550083676353097
txn_0005534,0,0.03323538601398468
txn_0000023,0,0.014700615778565407
txn_0003613,0,0.02326102927327156
txn_0003333,0,0.012626363895833492
txn_0004830,0,0.054692625999450684
txn_0006777,0,0.0026359891053289175
txn_0000407,0,0.14300279319286346
txn_0001439,0,0.052451394498348236
txn_0007662,0,0.00859793834388256
txn_0004827,0,0.15145361423492432
txn_0006327,0,0.005247210618108511
txn_0005934,0,0.0043743629939854145
txn_0005013,0,0.009647496975958347
txn_0006523,0,0.004629946779459715
txn_0005772,0,0.10267896950244904
txn_0004625,0,0.00556578766554594
txn_0001231,0,0.03988589718937874
txn_0007115,0,0.13257500529289246
txn_0002431,0,0.0084986612200737
txn_0001380,0,0.05034876614809036
txn_0006937,0,0.013642583042383194
txn_0004232,0,0.00063346914248541
txn_0005567,0,0.04597439616918564
txn_0005916,0,0.025177443400025368
txn_0007930,0,0.1682073026895523
txn_0005355,0,0.07584210485219955
txn_0002870,0,0.0013382069300860167
txn_0003068,0,0.001954246312379837
txn_0007390,0,0.025105813518166542
txn_0001526,1,0.15864023566246033
txn_0002871,0,0.1425108015537262
txn_0004719,0,0.03821834549307823
txn_0006734,0,0.004562391899526119
txn_0002513,0,0.10011674463748932
txn_0005126,0,0.045491062104701996
txn_0003670,0,0.1753276288509369
txn_0005910,0,0.4227162301540375
txn_0000093,0,0.026224695146083832
txn_0004832,0,0.0055144126527011395
txn_0001936,0,0.02782490849494934
txn_0001890,0,0.022249532863497734
txn_0000783,0,0.011112351901829243
txn_0003880,0,0.05728484317660332
txn_0002534,0,0.016434142366051674
txn_0005936,0,0.006334319245070219
txn_0003515,0,0.24663016200065613
txn_0002603,0,0.019358012825250626
txn_0000423,0,0.018849490210413933
txn_0005932,0,0.052524082362651825
txn_0001550,0,0.0031569129787385464
txn_0005138,0,0.1711426079273224
txn_0006758,0,0.03770455718040466
txn_0005935,0,0.0464710108935833
txn_0003025,0,0.024200959131121635
txn_0001818,0,0.009185271337628365
txn_0005223,0,0.04284336790442467
txn_0000081,0,0.18611188232898712
txn_0006605,0,0.0691327378153801
txn_0000704,0,0.001185230677947402
txn_0001876,0,0.01792667806148529
txn_0005562,0,0.006215546280145645
txn_0006173,0,0.0016841639298945665
txn_0006635,0,0.1235392838716507
txn_0001239,0,0.015139207243919373
txn_0004738,0,0.09984275698661804
txn_0002412,0,0.01084405928850174
txn_0006789,0,0.005826761480420828
txn_0006666,0,0.08630170673131943
txn_0006083,0,0.00256610126234591
txn_0002475,0,0.0039869993925094604
txn_0005708,0,0.018786659464240074
txn_0007913,0,0.0115889310836792
txn_0000143,0,0.015559409745037556
txn_0007972,1,0.9144315123558044
txn_0007259,0,0.0032057652715593576
txn_0003269,0,0.02540094219148159
txn_0004576,0,0.0014254058478400111
txn_0004985,0,0.0012895462568849325
txn_0006995,0,0.394408643245697
txn_0007890,0,0.00855160504579544
txn_0004392,0,0.018844887614250183
txn_0001213,0,0.024638699367642403
txn_0003708,0,0.03597155585885048
txn_0006039,0,0.4795110821723938
txn_0001266,0,0.005330007988959551
txn_0002892,0,0.007043830119073391
txn_0007248,0,0.007583519443869591
txn_0004801,0,0.04307682067155838
txn_0007607,0,0.0006724960403516889
txn_0001587,0,0.006213814951479435
txn_0001431,0,0.007988009601831436
txn_0000151,1,0.6181830167770386
txn_0005688,0,0.009035239927470684
txn_0004628,0,0.00399077869951725
txn_0001441,0,0.006865542847663164
txn_0000173,0,0.01315106637775898
txn_0003282,0,0.01817796565592289
txn_0004149,0,0.053269535303115845
txn_0002573,0,0.006478305906057358
txn_0007849,0,0.0380539633333683
txn_0004949,0,0.006389834452420473
txn_0000730,0,0.005471124313771725
txn_0000350,0,0.5913107991218567
txn_0003060,0,0.03725046664476395
txn_0000748,0,0.037330254912376404
txn_0006511,0,0.01697295717895031
txn_0003089,0,0.01348903402686119
txn_0002408,0,0.020770998671650887
txn_0000069,0,0.13003118336200714
txn_0001363,0,0.009958541952073574
txn_0000656,0,0.008690375834703445
txn_0006859,0,0.004831076133996248
txn_0005759,0,0.017234092578291893
txn_0005658,0,0.03970812261104584
txn_0001688,0,0.0057401275262236595
txn_0003498,0,0.021606814116239548
txn_0002918,0,0.02680685557425022
txn_0002000,0,0.003976637963205576
txn_0000331,0,0.21461331844329834
txn_0000078,0,0.022212360054254532
txn_0005713,0,0.11972056329250336
txn_0001195,0,0.038677237927913666
txn_0004211,0,0.004279070068150759
txn_0000755,0,0.004385389853268862
txn_0006195,0,0.009020202793180943
txn_0000690,0,0.028605598956346512
txn_0006807,0,0.0018881766591221094
txn_0002910,0,0.028539663180708885
txn_0007918,0,0.08940138667821884
txn_0000794,0,0.0003207823319826275
txn_0001641,0,0.17977695167064667
txn_0002126,0,0.02783469296991825
txn_0007338,0,0.004848401993513107
txn_0003485,0,0.06047365069389343
txn_0004129,0,0.001464524888433516
txn_0001352,0,0.00403216015547514
txn_0006397,0,0.1697889119386673
txn_0006075,0,0.016617480665445328
txn_0006111,0,0.01794923096895218
txn_0005729,0,0.13690075278282166
txn_0002635,0,0.0031823930330574512
txn_0006257,0,0.014866260811686516
txn_0000959,0,0.03299005329608917
txn_0001694,0,0.0006977889570407569
txn_0003214,0,0.009785238653421402
txn_0004050,0,0.03375864028930664
txn_0001031,0,0.01266481913626194
txn_0000412,0,0.08853419125080109
txn_0002809,0,0.07181461155414581
txn_0003272,0,0.003096930915489793
txn_0005946,0,0.041400887072086334
txn_0004173,0,0.007738474290817976
txn_0001976,0,0.016440032050013542
txn_0002831,0,0.794442892074585
txn_0006386,0,0.042029112577438354
txn_0006951,0,0.003689573612064123
txn_0006434,0,0.014030474238097668
txn_0004883,0,0.026012660935521126
txn_0005040,0,0.011282316409051418
txn_0001460,1,0.6023256778717041
txn_0007635,0,0.01768425479531288
txn_0004176,0,0.08776501566171646
txn_0003176,0,0.006239739246666431
txn_0002428,0,0.007398516405373812
txn_0007557,0,0.0018133827252313495
txn_0002205,0,0.06317807734012604
txn_0005303,0,0.01713956706225872
txn_0007393,0,0.028691507875919342
txn_0003834,0,0.02561176009476185
txn_0007879,0,0.07591266930103302
txn_0001304,0,0.14858019351959229
txn_0006919,0,0.010470607317984104
txn_0003445,0,0.014963354915380478
txn_0001176,0,0.023008910939097404
txn_0006691,0,0.011215529404580593
txn_0003466,0,0.007554537616670132
txn_0003727,0,0.031628016382455826
txn_0002419,1,0.6046345233917236
txn_0000829,0,0.016711371019482613
txn_0006621,0,0.0014998099068179727
txn_0001552,0,0.010006473399698734
txn_0004203,0,0.005597340874373913
txn_0007021,0,0.04870491847395897
txn_0002524,0,0.28434452414512634
txn_0001514,0,0.013628339394927025
txn_0005483,0,0.01594877615571022
txn_0004253,0,0.06559482961893082
txn_0004577,0,0.016999009996652603
txn_0006998,0,0.04570654779672623
txn_0002834,0,0.14419028162956238
txn_0007172,0,0.002085769781842828
txn_0001630,0,0.0212479867041111
txn_0002442,0,0.04652649909257889
txn_0005143,0,0.3555492162704468
txn_0002545,0,0.018468232825398445
txn_0001056,0,0.032821208238601685
txn_0004328,0,0.020821165293455124
txn_0007580,0,0.01784512773156166
txn_0002379,0,0.059239547699689865
txn_0003629,0,0.01582491770386696
txn_0002836,0,0.489530473947525
txn_0005133,0,0.028642049059271812
txn_0003044,0,0.015853222459554672
txn_0004917,0,0.021653419360518456
txn_0007233,1,0.209300696849823
txn_0001931,0,0.030178628861904144
txn_0005915,0,0.36378273367881775
txn_0002154,0,0.0025811889208853245
txn_0007818,0,0.027278805151581764
txn_0004278,0,0.040442127734422684
txn_0004147,0,0.03823387995362282
txn_0007479,1,0.02529105730354786
txn_0000939,0,0.04391321539878845
txn_0007852,0,0.009195461869239807
txn_0007245,0,0.019356269389390945
txn_0001229,0,0.032060395926237106
txn_0004709,0,0.020348934456706047
txn_0002745,0,0.03274720162153244
txn_0003164,0,0.03576471656560898
txn_0004027,0,0.26746153831481934
txn_0003713,0,0.7269380688667297
txn_0002286,0,0.0018932204693555832
txn_0001900,0,0.0027728965505957603
txn_0007226,0,0.09874171763658524
txn_0003587,0,0.003945532254874706
txn_0004816,0,0.10626988112926483
txn_0004937,0,0.01664271391928196
txn_0002610,0,0.05157991498708725
txn_0007935,0,0.007230682764202356
txn_0003252,0,0.036134812980890274
txn_0002585,0,0.004870718810707331
txn_0000036,0,0.015160579234361649
txn_0001207,0,0.1726083904504776
txn_0004960,0,0.006452708039432764
txn_0003165,0,0.008860113099217415
txn_0003946,0,0.02828162908554077
txn_0003494,0,0.5560204386711121
txn_0003984,0,0.045939888805150986
txn_0005213,0,0.045990753918886185
txn_0007349,0,0.028854086995124817
txn_0004839,0,0.03806938976049423
txn_0004321,0,0.4158755838871002
txn_0004626,0,0.04743538424372673
txn_0000056,0,0.004859983455389738
txn_0002838,0,0.04775986447930336
txn_0003144,0,0.004203131888061762
txn_0004266,0,0.03231610730290413
txn_0006237,0,0.006835161708295345
txn_0007303,1,0.021284591406583786
txn_0002282,0,0.011075768619775772
txn_0001557,0,0.3434784412384033
txn_0000426,0,0.010253246873617172
txn_0004265,0,0.2205587476491928
txn_0004370,0,0.006193048786371946
txn_0006326,0,0.05661987513303757
txn_0002868,0,0.003831027541309595
txn_0003698,0,0.5016526579856873
txn_0006886,0,0.016050437465310097
txn_0003287,0,0.024151889607310295
txn_0002963,0,0.03699643164873123
txn_0000954,0,0.022189809009432793
txn_0000266,0,0.14880900084972382
txn_0003138,0,0.5368695259094238
txn_0001858,0,0.006664816290140152
txn_0001771,0,0.03061572276055813
txn_0000169,0,0.012381568551063538
txn_0007444,0,0.09512453526258469
txn_0006393,0,0.01160234771668911
txn_0006517,0,0.00968398991972208
txn_0007492,0,0.006256787572056055
txn_0001267,0,0.007982468232512474
txn_0007141,0,0.05920666083693504
txn_0002239,0,0.029118243604898453
txn_0007173,0,0.03190625458955765
txn_0005465,0,0.025889266282320023
txn_0002054,0,0.046736039221286774
txn_0003764,0,0.025467628613114357
txn_0001633,0,0.01851683296263218
txn_0003127,0,0.0018251435831189156
txn_0003101,0,0.051783327013254166
txn_0006080,0,0.027902623638510704
txn_0004351,0,0.03936777636408806
txn_0005646,0,0.020470017567276955
txn_0005176,0,0.0021121827885508537
txn_0004140,0,0.024783091619610786
txn_0001826,0,0.030001899227499962
txn_0001121,0,0.1602618396282196
txn_0001251,0,0.04048677161335945
txn_0006628,0,0.014369964599609375
txn_0003722,0,0.0620807409286499
txn_0001143,0,0.03650624305009842
txn_0001110,0,0.02841866761445999
txn_0000647,0,0.003074472304433584
txn_0003568,0,0.030265137553215027
txn_0006436,0,0.039110686630010605
txn_0000260,0,0.0036842557601630688
txn_0006229,0,0.005142471753060818
txn_0002940,0,0.002039796207100153
txn_0003573,0,0.1276235431432724
txn_0003054,0,0.08321525901556015
txn_0002519,0,0.04520997405052185
txn_0003460,0,0.0031748898327350616
txn_0000674,0,0.003376496722921729
txn_0003598,0,0.10527712851762772
txn_0006836,0,0.20005357265472412
txn_0001807,0,0.24279989302158356
txn_0004793,0,0.00662999227643013
txn_0001085,0,0.09583723545074463
txn_0002014,0,0.015024836175143719
txn_0004514,0,0.19497522711753845
txn_0000821,0,0.008985980413854122
txn_0006759,0,0.0043389443308115005
txn_0005454,0,0.35157400369644165
txn_0001445,0,0.01780877634882927
txn_0004444,0,0.0019450513646006584
txn_0003106,0,0.005933358334004879
txn_0002554,0,0.001922326278872788
txn_0002972,0,0.2180635631084442
txn_0001289,0,0.12106575071811676
txn_0003964,0,0.035347238183021545
txn_0001754,0,0.004167567938566208
txn_0006579,0,0.13864366710186005
txn_0003507,0,0.06694145500659943
txn_0002128,0,0.07815786451101303
txn_0000810,0,0.01829121634364128
txn_0001872,0,0.06838499009609222
txn_0002185,0,0.15177904069423676
txn_0000854,0,0.5441291332244873
txn_0002983,1,0.7483109831809998
txn_0005949,0,0.003930726088583469
txn_0003256,0,0.006756880786269903
txn_0003401,0,0.03426429256796837
txn_0006265,0,0.021451951935887337
txn_0000756,0,0.005379794631153345
txn_0007010,0,0.005882005672901869
txn_0005950,0,0.013485157862305641
txn_0003398,0,0.06085794046521187
txn_0005624,0,0.03648470714688301
txn_0007399,0,0.5387030243873596
txn_0002712,0,0.015367723070085049
txn_0004398,0,0.029194554314017296
txn_0002598,0,0.012271616607904434
txn_0004975,1,0.10773523896932602
txn_0007543,0,0.018346942961215973
txn_0003451,0,0.03335718438029289
txn_0006581,0,0.060653794556856155
txn_0007727,0,0.010116330347955227
txn_0004427,0,0.13625216484069824
txn_0004696,0,0.0021666153334081173
txn_0002058,0,0.05709599703550339
txn_0007020,0,0.02906602807343006
txn_0007321,0,0.0028153089806437492
txn_0007709,0,0.008918714709579945
txn_0003057,0,0.03237553685903549
txn_0004377,0,0.06950691342353821
txn_0006968,0,0.0970059484243393
txn_0004784,0,0.004114493262022734
txn_0002460,0,0.006856211926788092
txn_0004257,0,0.012221370823681355
txn_0007585,0,0.3125230371952057
txn_0004789,0,0.12337840348482132
txn_0006834,0,0.008302155882120132
txn_0004945,0,0.04211253300309181
txn_0002968,0,0.6321743130683899
txn_0001323,0,0.008297387510538101
txn_0003578,0,0.918900728225708
txn_0003673,0,0.0007057229522615671
txn_0000979,0,0.0031351770740002394
txn_0006833,0,0.14529335498809814
txn_0001582,0,0.0063805109821259975
txn_0005228,0,0.005562964361160994
txn_0003180,0,0.004515049047768116
txn_0001585,0,0.009524162858724594
txn_0003567,0,0.007179515901952982
txn_0005988,0,0.1030953899025917
txn_0004678,0,0.03744369000196457
txn_0001781,0,0.0022548630367964506
txn_0003258,0,0.25210079550743103
txn_0006730,0,0.0173325352370739
txn_0004313,0,0.02813710644841194
txn_0000968,0,0.0031117142643779516
txn_0007011,0,0.0096206683665514
txn_0000038,0,0.011064383201301098
txn_0002317,0,0.9451719522476196
txn_0007166,0,0.06124962866306305
txn_0001798,0,0.022023269906640053
txn_0001187,1,0.9099363088607788
txn_0006321,0,0.002066217130050063
txn_0002845,0,0.01223960891366005
txn_0004120,0,0.01116752065718174
txn_0004895,0,0.008821872062981129
txn_0002840,0,0.01572614535689354
txn_0001750,0,0.001988416537642479
txn_0004965,0,0.0254034623503685
txn_0000358,0,0.0027215792797505856
txn_0004769,0,0.012342951260507107
txn_0002522,0,0.016836442053318024
txn_0006863,0,0.0072882529348134995
txn_0002257,0,0.18393279612064362
txn_0000993,0,0.04215972498059273
txn_0006671,0,0.004074415657669306
txn_0005497,0,0.03139304742217064
txn_0001393,0,0.0223859716206789
txn_0001027,0,0.04388505592942238
txn_0002634,0,0.016662148758769035
txn_0007028,0,0.05887332186102867
txn_0001920,0,0.005330048501491547
txn_0004021,0,0.022377802059054375
txn_0006513,0,0.005259909201413393
txn_0007571,0,0.22907382249832153
txn_0001035,0,0.004328609444200993
txn_0006802,0,0.2649887204170227
txn_0007178,0,0.0689052939414978
txn_0007251,0,0.07838644832372665
txn_0005563,1,0.027127288281917572
txn_0005979,0,0.01101769506931305
txn_0001588,0,0.02283787913620472
txn_0007130,0,0.037510357797145844
txn_0002160,0,0.007428312674164772
txn_0004158,0,0.08237911760807037
txn_0006566,0,0.029291674494743347
txn_0001184,0,0.017194999381899834
txn_0004169,0,0.004913207143545151
txn_0004649,0,0.10070547461509705
txn_0002485,0,0.011372479610145092
txn_0007160,0,0.0102831507101655
txn_0004138,0,0.02024589665234089
txn_0004799,0,0.004083178471773863
txn_0002159,0,0.0018494821852073073
txn_0007803,0,0.014756789430975914
txn_0004122,0,0.012810065411031246
txn_0001773,0,0.7219130992889404
txn_0005753,0,0.05182371661067009
txn_0001718,0,0.018362855538725853
txn_0005832,0,0.24000300467014313
txn_0006627,0,0.2405034899711609
txn_0003806,0,0.015390468761324883
txn_0001831,1,0.05846865847706795
txn_0004322,0,0.04757502302527428
txn_0004132,0,0.008923209272325039
txn_0004646,0,0.036343351006507874
txn_0000830,0,0.5805246829986572
txn_0000977,0,0.09262596070766449
txn_0002270,0,0.06155693531036377
txn_0003100,0,0.031893350183963776
txn_0001263,0,0.08780501782894135
txn_0003828,0,0.07659299671649933
txn_0007781,1,0.042423173785209656
txn_0007299,0,0.011114688590168953
txn_0006901,0,0.06447277963161469
txn_0006506,0,0.011666527949273586
txn_0004493,0,0.09219052642583847
txn_0000236,0,0.0275814700871706
txn_0001601,0,0.32565441727638245
txn_0007113,0,0.0299728624522686
txn_0005014,0,0.036434829235076904
txn_0005489,0,0.00908717978745699
txn_0005879,0,0.017570767551660538
txn_0005392,0,0.004884316585958004
txn_0003041,0,0.0014239271404221654
txn_0005413,0,0.005085792858153582
txn_0004301,0,0.004522745497524738
txn_0006536,0,0.0013771390076726675
txn_0002200,0,0.0029561719857156277
txn_0007440,0,0.00853018369525671
txn_0006428,0,0.01702403835952282
txn_0006825,1,0.9769607186317444
txn_0007403,0,0.0019493724685162306
txn_0001060,0,0.005303323268890381
txn_0004811,0,0.004294981248676777
txn_0007525,0,0.0485716313123703
txn_0002326,0,0.07770264893770218
txn_0002445,0,0.12814222276210785
txn_0000528,0,0.03181304410099983
txn_0007891,0,0.0019249006872996688
txn_0001032,0,0.021362049505114555
txn_0003921,0,0.027350401505827904
txn_0002228,0,0.0014327227836474776
txn_0002233,0,0.0033231889829039574
txn_0002913,0,0.006117951590567827
txn_0006589,0,0.3642447590827942
txn_0006144,0,0.023248637095093727
txn_0002374,0,0.01144570391625166
txn_0000226,0,0.01484624668955803
txn_0004805,0,0.015620705671608448
txn_0004048,0,0.004074274096637964
txn_0007592,0,0.01562701165676117
txn_0002858,0,0.03779994696378708
txn_0003195,0,0.12786230444908142
txn_0007263,0,0.012920747511088848
txn_0001516,0,0.006277893669903278
txn_0001541,0,0.07650081068277359
txn_0000395,1,0.15168005228042603
txn_0000761,0,0.009008250199258327
txn_0004723,0,0.010087625123560429
txn_0003563,0,0.1095004603266716
txn_0006820,0,0.007518540136516094
txn_0005425,0,0.06939442455768585
txn_0004778,0,0.011716325767338276
txn_0003801,0,0.0018025555182248354
txn_0005238,0,0.0032088204752653837
txn_0003443,0,0.0021247256081551313
txn_0002926,0,0.718682587146759
txn_0007572,0,0.058023981750011444
txn_0000199,0,0.029163377359509468
txn_0001699,0,0.00439595989882946
txn_0005929,0,0.014278638176620007
txn_0001493,0,0.0625094398856163
txn_0001104,0,0.09708711504936218
txn_0005114,0,0.00502152182161808
txn_0001471,0,0.09094604104757309
txn_0003870,0,0.0035390511620789766
txn_0002413,0,0.01438418123871088
txn_0004025,0,0.23133642971515656
txn_0007950,0,0.03831806406378746
txn_0004031,0,0.004020673222839832
txn_0000401,0,0.01652202382683754
txn_0005033,0,0.08556587994098663
txn_0006869,0,0.005087016150355339
txn_0006742,0,0.041950296610593796
txn_0002349,0,0.014856982976198196
txn_0004728,1,0.001336926594376564
txn_0001299,0,0.007511398755013943
txn_0003979,0,0.0028979612980037928
txn_0003804,0,0.057981014251708984
txn_0004361,0,0.0253030676394701
txn_0007453,0,0.0042267139069736
txn_0000980,0,0.0052100601606070995
txn_0001989,0,0.004540159832686186
txn_0007551,0,0.000668822496663779
txn_0001342,0,0.006702215410768986
txn_0002583,0,0.014141819439828396
txn_0001870,0,0.030474552884697914
txn_0000846,1,0.0020643863826990128
txn_0005681,0,0.0040727946907281876
txn_0004285,0,0.0006709439330734313
txn_0005738,0,0.06623407453298569
txn_0000562,0,0.008450743742287159
txn_0000324,0,0.06972488015890121
txn_0005600,0,0.021652009338140488
txn_0007300,0,0.022124938666820526
txn_0003177,0,0.004327128175646067
txn_0007897,1,0.14861226081848145
txn_0003846,0,0.0024829343892633915
txn_0006535,0,0.14793412387371063
txn_0004698,0,0.010396106168627739
txn_0000385,0,0.04387279972434044
txn_0006351,0,0.2541273534297943
txn_0001103,0,0.036197006702423096
txn_0003931,0,0.005977442022413015
txn_0000042,0,0.0015496755950152874
txn_0005963,0,0.5886399149894714
txn_0000539,0,0.312199205160141
txn_0002250,0,0.03818688169121742
txn_0003981,0,0.008272239938378334
txn_0001163,0,0.002734813606366515
txn_0003227,0,0.15142400562763214
txn_0003551,0,0.0011032683541998267
txn_0005287,0,0.0019374764524400234
txn_0000301,0,0.043362051248550415
txn_0004310,0,0.126691535115242
txn_0006914,1,0.012102165259420872
txn_0002876,0,0.0006625954410992563
txn_0005529,0,0.005003051366657019
txn_0000338,0,0.03581161051988602
txn_0004381,0,0.026944784447550774
txn_0005471,0,0.042906325310468674
txn_0006803,0,0.00277883792296052
txn_0003650,0,0.00821932777762413
txn_0007282,0,0.03268180042505264
txn_0007778,0,0.05634379759430885
txn_0007646,0,0.03455213084816933
txn_0006649,0,0.20529766380786896
txn_0003841,0,0.014046018011868
txn_0002105,0,0.005893180146813393
txn_0005219,0,0.0038561969995498657
txn_0004239,0,0.05168792977929115
txn_0002049,0,0.011674663051962852
txn_0001508,1,0.059412602335214615
txn_0006969,0,0.001630436978302896
txn_0001036,0,0.05561653524637222
txn_0002661,0,0.26291075348854065
txn_0002794,0,0.022611763328313828
txn_0000359,0,0.00980594102293253
txn_0006512,0,0.03287860378623009
txn_0001039,0,0.02040381170809269
txn_0003338,0,0.10111871361732483
txn_0003990,0,0.39596065878868103
txn_0007713,0,0.0017962261335924268
txn_0006003,0,0.0031889902893453836
txn_0004192,0,0.0057308850809931755
txn_0004958,0,0.009676926769316196
txn_0003181,0,0.007780907209962606
txn_0000269,0,0.022497283294796944
txn_0004940,0,0.0029810555279254913
txn_0003949,0,0.008805393241345882
txn_0001780,0,0.03842365741729736
txn_0000362,0,0.046297334134578705
txn_0004697,0,0.8579195737838745
txn_0007326,0,0.849830687046051
txn_0005010,0,0.008784065023064613
txn_0004956,0,0.002648578956723213
txn_0006933,0,0.009010187350213528
txn_0003424,0,0.0897882729768753
txn_0005415,1,0.35804641246795654
txn_0005140,0,0.06479797512292862
txn_0007377,1,0.2944174110889435
txn_0005345,0,0.028144925832748413
txn_0001703,0,0.03315562382340431
txn_0001772,0,0.30232012271881104
txn_0007407,0,0.0701579600572586
txn_0007422,0,0.004521725699305534
txn_0006435,0,0.37816113233566284
txn_0007718,0,0.013706600293517113
txn_0002336,0,0.0071541061624884605
txn_0003208,0,0.009082285687327385
txn_0005644,1,0.1732945293188095
txn_0003009,0,0.01469819713383913
txn_0001865,0,0.008956372737884521
txn_0002670,0,0.0024235143791884184
txn_0002848,0,0.012644460424780846
txn_0003386,0,0.012730772607028484
txn_0003315,0,0.004127726424485445
txn_0002653,0,0.447860985994339
txn_0003160,0,0.0382063202559948
txn_0004803,0,0.006813346408307552
txn_0005146,0,0.003920953255146742
txn_0000742,0,0.0013797356514260173
txn_0007802,0,0.10485997051000595
txn_0004584,0,0.006936486344784498
txn_0004840,0,0.2143913358449936
txn_0005802,0,0.007245337124913931
txn_0006149,0,0.0017008243594318628
txn_0003539,0,0.021984687075018883
txn_0000975,0,0.059528663754463196
txn_0005762,0,0.002773719374090433
txn_0002791,0,0.11910517513751984
txn_0000765,0,0.0038761033210903406
txn_0007355,0,0.1302497535943985
txn_0007075,0,0.017180033028125763
txn_0001324,0,0.00560822244733572
txn_0007127,0,0.08422683924436569
txn_0002546,0,0.006544759497046471
txn_0000804,0,0.015723591670393944
txn_0004198,0,0.0049460092559456825
txn_0001851,0,0.01323335338383913
txn_0004100,0,0.10300569981336594
txn_0004036,0,0.0261455737054348
txn_0006014,0,0.016358472406864166
txn_0003976,0,0.3278183341026306
txn_0005532,0,0.0033848655875772238
txn_0000563,0,0.017664972692728043
txn_0003024,0,0.02448378875851631
txn_0002452,0,0.1261420100927353
txn_0001651,0,0.012741468846797943
txn_0007603,0,0.10167571157217026
txn_0007549,0,0.004124156199395657
txn_0005322,0,0.019216731190681458
txn_0004248,0,0.01575239934027195
txn_0005811,0,0.39508360624313354
txn_0000248,0,0.05605250597000122
txn_0004694,0,0.01132598053663969
txn_0005084,0,0.370755136013031
txn_0006439,1,0.0029987948946654797
txn_0000912,0,0.1168341264128685
txn_0001111,0,0.016373954713344574
txn_0002796,0,0.014191418886184692
txn_0000271,0,0.02292514033615589
txn_0002457,0,0.0011654894333332777
txn_0001636,0,0.027978776022791862
txn_0001362,0,0.06456389278173447
txn_0000590,0,0.06170972064137459
txn_0001306,0,0.01014467142522335
txn_0000926,0,0.018408702686429024
txn_0000330,0,0.001679662731476128
txn_0006990,0,0.02657846175134182
txn_0005552,0,0.09115476161241531
txn_0003267,0,0.09217971563339233
txn_0001994,0,0.011057102121412754
txn_0000633,0,0.013483306393027306
txn_0007051,0,0.05210684612393379
txn_0007819,0,0.08038386702537537
txn_0007189,0,0.013467407785356045
txn_0007583,0,0.01878405176103115
txn_0006056,0,0.08641555160284042
txn_0000550,0,0.0037284898571670055
txn_0002381,0,0.0014774160226806998
txn_0005674,0,0.032645467668771744
txn_0007966,0,0.12838205695152283
txn_0007651,0,0.05959291756153107
txn_0001165,0,0.006368807051330805
txn_0006146,0,0.015750491991639137
txn_0005017,0,0.05686740204691887
txn_0005845,1,0.7914355993270874
txn_0005696,0,0.021156027913093567
txn_0005256,0,0.013212384656071663
txn_0000852,0,0.004588223993778229
txn_0005079,0,0.0360991545021534
txn_0003086,0,0.03259779512882233
txn_0005299,0,0.024315597489476204
txn_0000155,0,0.0057572186924517155
txn_0001702,0,0.021954523399472237
txn_0002735,0,0.0023013416212052107
txn_0005078,0,0.01717396453022957
txn_0002702,0,0.0011546325404196978
txn_0005036,0,0.0982140302658081
txn_0002113,0,0.02211049571633339
txn_0006134,0,0.1078975722193718
txn_0004703,0,0.003629178274422884
txn_0004431,0,0.008685431443154812
txn_0000166,0,0.004901536740362644
txn_0007812,0,0.005596778355538845
txn_0004439,0,0.6969133019447327
txn_0003905,0,0.007575022056698799
txn_0000319,0,0.5645876526832581
txn_0001367,0,0.0057941703125834465
txn_0004366,0,0.01691753789782524
txn_0007520,0,0.020480694249272346
txn_0000960,0,0.025070982053875923
txn_0006895,0,0.02411721460521221
txn_0001645,0,0.013945385813713074
txn_0000333,1,0.866906464099884
txn_0007041,0,0.025140084326267242
txn_0007309,0,0.04868590086698532
txn_0000540,0,0.2923969328403473
txn_0007073,0,0.012423346750438213
txn_0002116,0,0.13861587643623352
txn_0000118,1,0.9770717024803162
txn_0001775,0,0.17365284264087677
txn_0006069,0,0.09371970593929291
txn_0006507,0,0.07999122142791748
txn_0001059,0,0.08678875863552094
txn_0006640,0,0.011090156622231007
txn_0003289,0,0.013431843370199203
txn_0007386,0,0.013344627805054188
txn_0004272,0,0.016867663711309433
txn_0000013,0,0.07506705820560455
txn_0001108,0,0.016061941161751747
txn_0006369,0,0.003031752770766616
txn_0004368,0,0.04350777342915535
txn_0001982,0,0.40009215474128723
txn_0002338,0,0.029262257739901543
txn_0006604,0,0.03781601041555405
txn_0004648,0,0.07570133358240128
txn_0001114,0,0.03665972873568535
txn_0002073,1,0.04955024644732475
txn_0004701,0,0.09909224510192871
txn_0002091,0,0.05019686743617058
txn_0006382,0,0.026584751904010773
txn_0007850,0,0.0005156528786756098
txn_0001212,0,0.004591444041579962
txn_0003717,0,0.0377521812915802
txn_0001925,1,0.019434204325079918
txn_0002946,0,0.0034330771304666996
txn_0000814,0,0.45299389958381653
txn_0000658,0,0.25622090697288513
txn_0005601,0,0.03840450197458267
txn_0007633,0,0.019541682675480843
txn_0000834,0,0.015990454703569412
txn_0007770,0,0.004041561856865883
txn_0006736,1,0.7354410290718079
txn_0001921,0,0.20217925310134888
txn_0000464,0,0.01161414384841919
txn_0007929,0,0.0009271954768337309
txn_0001860,0,0.016274666413664818
txn_0003295,0,0.08136461675167084
txn_0005785,0,0.25249382853507996
txn_0001435,0,0.015494858846068382
txn_0004838,0,0.01680360734462738
txn_0007833,0,0.014245186932384968
txn_0001312,0,0.015676558017730713
txn_0002881,0,0.028483958914875984
txn_0000545,0,0.013205157592892647
txn_0006086,0,0.002769051818177104
txn_0005200,0,0.0033387232106179
txn_0005458,0,0.006288668606430292
txn_0006799,0,0.0015674058813601732
txn_0002821,0,0.005309343803673983
txn_0001698,0,0.04990334063768387
txn_0000916,0,0.007870784029364586
txn_0000506,0,0.26939764618873596
txn_0000312,0,0.0359305702149868
txn_0007982,0,0.025530681014060974
txn_0004478,0,0.014813072048127651
txn_0007605,0,0.003509830217808485
txn_0002885,0,0.025140415877103806
txn_0003768,0,0.01781092770397663
txn_0004195,1,0.17405395209789276
txn_0005680,0,0.039453089237213135
txn_0007198,0,0.007793342228978872
txn_0000298,0,0.3106870949268341
txn_0006211,0,0.01768161915242672
txn_0002726,0,0.04525120556354523
txn_0004314,0,0.012170319445431232
txn_0007645,0,0.005233968608081341
txn_0004539,0,0.001795331947505474
txn_0003336,0,0.1599598377943039
